"","video_id","comments_count","reply_rate"
"1","-nrXCyS5H8o",101,0.0297029702970297
"2","BRwbjW2O-Sk",47,0
"3","CCYXV2KKfnY",37,0.297297297297297
"4","e81Q98diTDc",37,0.378378378378378
"5","G0vjaOfdHFg",21,0.19047619047619
"6","irl7YXQFGC0",57,0.157894736842105
"7","pJJOooU9fFc",91,0.10989010989011
"8","VYcpyjscElQ",178,0
